class,file,ok,gt_recall,visual_ssim,page_ratio,word_native_ratio,link_recall,seconds,peak_mb
brochure,brochure_001_A,True,1.0,0.8434,1.0,0.0,,0.57,80.9
brochure,brochure_002_B,True,1.0,0.7567,2.0,0.0,,0.29,0.0
brochure,brochure_003_C,True,1.0,0.7397,2.0,0.0,,0.27,0.0
brochure,brochure_004_D,True,0.6429,0.664,1.0,0.0,,0.63,0.0
brochure,brochure_005_A,True,1.0,0.8064,1.0,0.0,,0.28,0.0
brochure,brochure_006_B,True,1.0,0.7246,2.0,0.0,,0.27,0.0
brochure,brochure_007_C,True,1.0,0.749,2.0,0.0,,0.27,0.0
brochure,brochure_008_D,True,0.5385,0.7036,1.0,,,0.68,0.0
contract,contract_001_A,True,1.0,0.817,1.5,0.0,,0.28,0.0
contract,contract_002_B,True,1.0,0.5388,1.5,0.0,,0.4,0.0
contract,contract_003_C,True,1.0,0.8051,2.0,0.0,,0.29,0.0
contract,contract_004_A,True,1.0,0.8474,1.5,0.0,,0.28,0.0
contract,contract_005_B,True,1.0,0.2852,2.0,0.0,,0.27,0.0
contract,contract_006_C,True,0.9615,0.8574,2.0,0.0,,0.27,0.0
contract,contract_007_A,True,1.0,0.8481,1.5,0.0,,0.39,0.0
contract,contract_008_B,True,1.0,0.2556,2.0,0.0,,0.37,0.0
contract,contract_009_C,True,1.0,0.8558,2.0,0.0,,0.28,0.0
contract,contract_010_A,True,0.9615,0.8548,2.0,0.0,,0.3,0.0
contract,contract_011_B,True,0.9643,0.5418,1.5,0.0,,0.31,0.0
contract,contract_012_C,True,0.9615,0.8554,2.0,0.0,,0.38,0.0
form,form_001_A,True,1.0,0.1997,1.0,0.0,,0.35,0.0
form,form_002_B,True,1.0,0.2269,1.0,0.0,,0.34,0.0
form,form_003_C,True,1.0,0.462,1.0,0.0,,0.38,0.0
form,form_004_A,True,1.0,0.2112,1.0,0.0,,0.29,0.0
form,form_005_B,True,1.0,0.2658,1.0,0.0,,0.23,0.0
form,form_006_C,True,1.0,0.4583,1.0,0.0,,0.41,0.0
form,form_007_A,True,1.0,0.2134,1.0,0.0,,0.28,0.0
form,form_008_B,True,1.0,0.2315,1.0,0.0,,0.23,0.0
image_heavy,image_heavy_001_A,True,1.0,0.2061,1.0,0.0,,0.22,0.0
image_heavy,image_heavy_002_B,True,1.0,0.7601,1.0,0.0,,0.24,0.0
image_heavy,image_heavy_003_C,True,1.0,0.8764,1.0,0.0,,0.32,0.0
image_heavy,image_heavy_004_A,True,1.0,0.3222,1.0,0.0,,0.33,0.0
image_heavy,image_heavy_005_B,True,1.0,0.2686,2.0,0.0,,0.26,0.0
image_heavy,image_heavy_006_C,True,1.0,0.2863,1.0,0.0,,0.47,0.0
image_heavy,image_heavy_007_A,True,1.0,0.3542,1.0,0.0,,0.29,0.0
image_heavy,image_heavy_008_B,True,1.0,0.2285,2.0,0.0,,0.24,0.0
invoice,invoice_001_A,True,1.0,0.2719,2.0,0.0,,0.4,0.0
invoice,invoice_002_B,True,0.6842,0.1755,1.0,0.0,,0.21,0.0
invoice,invoice_003_C,True,1.0,0.1311,1.0,0.0,,0.37,0.0
invoice,invoice_004_A,True,1.0,0.3281,2.0,0.0,,0.29,0.0
invoice,invoice_005_B,True,0.6923,0.221,1.0,0.0,,0.18,0.0
invoice,invoice_006_C,True,1.0,0.1359,1.0,0.0,,0.35,0.0
invoice,invoice_007_A,True,1.0,0.305,2.0,0.0,,0.3,0.0
invoice,invoice_008_B,True,0.6667,0.2458,1.0,0.0,,0.18,0.0
invoice,invoice_009_C,True,1.0,0.1137,1.0,0.0,,0.5,0.0
invoice,invoice_010_A,True,1.0,0.2568,2.0,0.0,,0.44,0.0
invoice,invoice_011_B,True,0.7097,0.2131,1.0,0.0,,0.21,0.0
invoice,invoice_012_C,True,1.0,0.127,1.0,0.0,,0.5,0.0
ocr_scan,ocr_scan_001_A,True,1.0,0.0533,2.0,,,1.9,0.0
ocr_scan,ocr_scan_002_B,True,1.0,0.0969,1.0,,,1.2,1.1
ocr_scan,ocr_scan_003_C,True,0.7273,0.1024,1.0,,,1.72,1.1
ocr_scan,ocr_scan_004_A,True,1.0,0.0523,1.0,,,1.18,2.8
ocr_scan,ocr_scan_005_B,True,1.0,0.0831,1.0,,,2.66,1.1
ocr_scan,ocr_scan_006_C,True,0.8889,0.0888,1.0,,,1.52,1.1
ocr_scan,ocr_scan_007_A,True,1.0,0.0348,1.0,,,1.58,0.0
ocr_scan,ocr_scan_008_B,True,1.0,0.1031,1.0,,,1.97,1.1
resume,resume_001_A,True,1.0,0.1741,1.0,0.0,,0.19,0.0
resume,resume_002_B,True,1.0,0.1242,2.0,0.0,,0.27,0.0
resume,resume_003_C,True,1.0,0.7344,1.0,0.0,,0.25,0.0
resume,resume_004_D,True,1.0,0.1276,1.0,0.0,,0.21,0.0
resume,resume_005_A,True,1.0,0.1904,1.0,0.0,,0.21,0.0
resume,resume_006_B,True,1.0,0.1183,2.0,0.0,,0.26,0.0
resume,resume_007_C,True,1.0,0.818,1.0,0.0,,0.22,0.0
resume,resume_008_D,True,1.0,0.1815,1.0,0.0,,0.25,0.0
resume,resume_009_A,True,1.0,0.122,1.0,0.0,,0.22,0.0
resume,resume_010_B,True,1.0,0.1284,2.0,0.0,,0.25,0.0
resume,resume_011_C,True,1.0,0.769,1.0,0.0,,0.22,0.0
resume,resume_012_D,True,1.0,0.2344,1.0,0.0,,0.23,0.0
resume,resume_013_A,True,1.0,0.1712,1.0,0.0,,0.21,0.0
resume,resume_014_B,True,1.0,0.1275,2.0,0.0,,0.28,0.0
resume,resume_015_C,True,1.0,0.8062,1.0,0.0,,0.19,0.0
resume,resume_016_D,True,1.0,0.1763,1.0,0.0,,0.23,0.0
resume,resume_017_A,True,1.0,0.1393,1.0,0.0,,0.22,0.0
resume,resume_018_B,True,1.0,0.1506,2.0,0.0,,0.25,0.0
resume,resume_019_C,True,1.0,0.7539,1.0,0.0,,0.23,0.0
resume,resume_020_D,True,1.0,0.2512,1.0,0.0,,0.22,0.0
resume,resume_021_A,True,1.0,0.1509,1.0,0.0,,0.21,0.0
resume,resume_022_B,True,1.0,0.1734,2.0,0.0,,0.23,0.0
resume,resume_023_C,True,1.0,0.8136,1.0,0.0,,0.21,0.0
resume,resume_024_D,True,1.0,0.2326,1.0,0.0,,0.23,0.0
resume,resume_025_A,True,1.0,0.1238,1.0,0.0,,0.22,0.0
resume,resume_026_B,True,1.0,0.1523,2.0,0.0,,0.24,0.0
resume,resume_027_C,True,1.0,0.7971,1.0,0.0,,0.22,0.0
resume,resume_028_D,True,1.0,0.2152,1.0,0.0,,0.22,0.0
resume,resume_029_A,True,1.0,0.1359,1.0,0.0,,0.22,0.0
resume,resume_030_B,True,1.0,0.1346,2.0,0.0,,0.25,0.0
resume,resume_031_C,True,1.0,0.8072,1.0,0.0,,0.32,0.0
resume,resume_032_D,True,1.0,0.159,1.0,0.0,,0.23,0.0
resume,resume_033_A,True,1.0,0.1809,1.0,0.0,,0.21,0.0
resume,resume_034_B,True,1.0,0.147,2.0,0.0,,0.28,0.0
resume,resume_035_C,True,1.0,0.7433,1.0,0.0,,0.24,0.0
resume,resume_036_D,True,1.0,0.2126,1.0,0.0,,0.22,0.0
resume,resume_037_A,True,1.0,0.1425,1.0,0.0,,0.21,0.0
resume,resume_038_B,True,1.0,0.1537,2.0,0.0,,0.24,0.0
resume,resume_039_C,True,1.0,0.7404,1.0,0.0,,0.24,0.0
resume,resume_040_D,True,1.0,0.2631,1.0,0.0,,0.25,0.0
resume,resume_041_A,True,1.0,0.167,1.0,0.0,,0.22,0.0
resume,resume_042_B,True,1.0,0.1285,2.0,0.0,,0.27,0.0
resume,resume_043_C,True,1.0,0.7531,1.0,0.0,,0.23,0.0
resume,resume_044_D,True,1.0,0.1371,1.0,0.0,,0.24,0.0
resume,resume_045_A,True,1.0,0.1073,1.0,0.0,,0.23,0.0
resume,resume_046_B,True,1.0,0.1553,2.0,0.0,,0.24,0.0
resume,resume_047_C,True,1.0,0.8023,1.0,0.0,,0.2,0.0
resume,resume_048_D,True,1.0,0.2068,1.0,0.0,,0.22,0.0
resume,resume_049_A,True,1.0,0.1709,1.0,0.0,,0.21,0.0
resume,resume_050_B,True,1.0,0.1502,2.0,0.0,,0.35,0.0
table_heavy,table_heavy_001_A,True,1.0,0.1587,1.0,0.0,,1.72,0.0
table_heavy,table_heavy_002_B,True,1.0,0.2344,1.0,0.0,,1.17,0.0
table_heavy,table_heavy_003_C,True,0.9167,0.1951,1.0,0.0,,2.75,0.0
table_heavy,table_heavy_004_A,True,0.9662,0.1749,1.0,0.0,,3.74,0.0
table_heavy,table_heavy_005_B,True,0.993,0.2458,1.0,0.0,,2.99,0.0
table_heavy,table_heavy_006_C,True,0.9455,0.1741,1.0,0.0,,5.02,0.0
table_heavy,table_heavy_007_A,True,0.9531,0.1772,1.0,0.0,,3.01,0.0
table_heavy,table_heavy_008_B,True,0.9077,0.2422,1.0,0.0,,2.97,0.0
